country,st62q01,N,WTD_N,PCT,SE(PCT),MEAN,SE(MEAN)
Albania,Never heard of it,641,5749.6853,23.37952273870049,1.0748854285772618,395.98684188831714,4.622180976568353
Albania,Heard of it once or twice,434,3642.9040999999997,14.812873191660634,0.750968608952355,387.2763825083281,4.704166263370684
Albania,Heard of it a few times,437,3996.8543,16.252114874899817,0.620955661636972,392.5729922300324,5.563387147225186
Albania,Heard of it often,487,4536.6808,18.447171695088414,0.7644486997435811,392.56591693451946,5.226858653216586
Albania,"Know it well, understand the concept",740,6666.7013,27.108317499650653,1.0746992725577482,392.1691762404801,4.773834151002969
Argentina,Never heard of it,1997,188321.12369999997,56.91267514903484,1.2971289710185419,383.2922186086443,3.721237502808295
Argentina,Heard of it once or twice,599,55318.54619999999,16.71786142595896,0.9037191808904114,405.40010124380024,4.0506785559542395
Argentina,Heard of it a few times,427,38374.423599999995,11.59716478676819,0.6861119372250244,415.68488644826823,5.85177219947963
Argentina,Heard of it often,283,25134.943599999995,7.59605110616761,0.5202154143915589,415.9048567722496,5.89177429382428
Argentina,"Know it well, understand the concept",291,23745.835099999997,7.176247532070399,0.7436712929808384,419.5505674869292,7.268605406366634
Australia,Never heard of it,4606,79448.80789999999,48.75068874190208,0.6911414408660046,474.7674648773154,1.8230429359457192
Australia,Heard of it once or twice,1597,27551.8634,16.90613556547529,0.43788210338129746,507.3259518010762,3.0195885768134683
Australia,Heard of it a few times,1322,23278.6036,14.28401493296316,0.41858319065966015,526.6371482613813,3.709692430754302
Australia,Heard of it often,889,15945.899899999999,9.784584857621603,0.3425177670939756,551.9263599513494,3.312441668964713
Australia,"Know it well, understand the concept",891,16744.4364,10.274575902037865,0.49607680123983644,603.0612465446804,4.655103719996039
Austria,Never heard of it,1651,28647.662299999996,54.76462038567364,1.2890675070691058,481.89260435266465,2.9154654100774144
Austria,Heard of it once or twice,517,8549.434099999999,16.34362022617229,0.7834450865046049,516.0975800516283,5.18190132310813
Austria,Heard of it a few times,348,5735.2303999999995,10.963816607136394,0.5959249739891396,538.5219185686348,4.799394240631709
Austria,Heard of it often,235,4041.1896999999994,7.725384972406434,0.6392523646519593,549.6419631145844,7.525191333231809
Austria,"Know it well, understand the concept",311,5337.0118999999995,10.202557808611239,0.9170537229355951,578.6339778598233,6.838017278425998
Belgium,Never heard of it,3273,44587.3613,60.14251409075876,0.980916447893436,497.13364361174143,2.465720324717034
Belgium,Heard of it once or twice,810,11198.038799999998,15.104688563794047,0.5330279842020439,547.6469209711803,3.734524980092584
Belgium,Heard of it a few times,654,8752.702,11.806249305163801,0.5073674612042929,564.6026888267,3.972110441470352
Belgium,Heard of it often,358,4937.322399999999,6.659801642323669,0.4092782828667824,564.9070599851606,7.171380827438357
Belgium,"Know it well, understand the concept",354,4660.7535,6.286746397959711,0.488094546395227,579.3525286228969,7.238470607995915
Brazil,Never heard of it,4418,538120.4422999999,37.38925104083913,0.9728958789519917,360.7539401607754,2.368087649181319
Brazil,Heard of it once or twice,1705,202633.64209999997,14.079227470739127,0.5206699742259602,377.08537209014423,2.6190819486127914
Brazil,Heard of it a few times,2061,254811.53939999995,17.70461009436599,0.6088372016440302,402.16362382409193,2.704061624308852
Brazil,Heard of it often,2175,286430.99919999996,19.90156792630584,0.7112631942169806,427.2810170918592,3.023066548077758
Brazil,"Know it well, understand the concept",1252,157241.7338,10.925343467749915,0.6278057372316259,452.9452621599171,6.094789032386177
Bulgaria,Never heard of it,782,8122.8166,24.120910523610632,0.7706078574177012,437.3053358216173,5.065184422184352
Bulgaria,Heard of it once or twice,901,9220.0714,27.379236564408142,0.7187079270555284,436.8876208052188,4.952430451511425
Bulgaria,Heard of it a few times,759,7688.6293000000005,22.83158029131312,0.8815832020898912,449.57877219292624,5.350751545800438
Bulgaria,Heard of it often,545,5534.463,16.43472866532942,0.7285858444326814,446.47115625543677,5.623415769398793
Bulgaria,"Know it well, understand the concept",301,3109.4342,9.233543955338694,0.5457937610852556,457.7834682100203,7.30851372767593
Canada,Never heard of it,2399,36457.1859,16.317791457802414,0.5220943682428119,470.3805520562977,2.9413983040544265
Canada,Heard of it once or twice,1958,31899.872399999997,14.2779935560991,0.5041263588594315,501.1600730796487,3.4088911397838073
Canada,Heard of it a few times,2973,47319.15609999999,21.17947675163263,0.4962690952192835,516.6656623574397,2.983569606506397
Canada,Heard of it often,3161,51121.719399999994,22.88145767535755,0.5829004742773093,527.1215973743036,2.4207787142729216
Canada,"Know it well, understand the concept",3364,56621.92049999999,25.343280559108305,0.669053089540762,561.6394948017509,2.3508112996853714
Chile,Never heard of it,1064,41574.216199999995,28.23472229916032,1.172815231069849,386.03164021199916,3.5272793155940056
Chile,Heard of it once or twice,768,28412.080599999998,19.29578664389493,0.7416932728309338,409.8117340725365,4.338428010907584
Chile,Heard of it a few times,1075,36060.961599999995,24.49044936213816,0.7290599346930419,438.05304286999745,3.7225898808441076
Chile,Heard of it often,1009,30147.846599999997,20.474615145448844,0.956607750553149,448.9345943599396,4.147640641295684
Chile,"Know it well, understand the concept",486,11049.892699999999,7.504426549357744,0.5453389930008729,478.52661212376756,6.504571653244591
Shanghai-China,Never heard of it,324,5290.907099999999,9.384500127455668,0.6341916485120451,591.9952356666082,8.186924810620491
Shanghai-China,Heard of it once or twice,235,3840.7652999999996,6.812378627358115,0.42292836096548164,586.5860308857494,9.621361744316836
Shanghai-China,Heard of it a few times,354,5886.825699999999,10.441482998625945,0.7294352660715331,574.4494476247579,7.905155285281224
Shanghai-China,Heard of it often,642,10492.173999999999,18.61000512375034,0.850430975551582,559.0626155079702,5.375808299081678
Shanghai-China,"Know it well, understand the concept",1879,30868.538599999996,54.75163312280993,1.2556913719977314,646.0283806740107,2.9901532893716816
Chinese Taipei,Never heard of it,327,15854.812899999999,8.194288840847113,0.5384029305366951,531.9938993173246,9.726410957824692
Chinese Taipei,Heard of it once or twice,469,22949.538699999997,11.861076510842897,0.49433416384946866,518.557798994499,7.283634309879476
Chinese Taipei,Heard of it a few times,1060,51266.564699999995,26.496247018454344,0.8153984020033056,536.3320999638269,4.198156035997246
Chinese Taipei,Heard of it often,1361,65324.32899999999,33.76176203003477,0.8063993481374984,556.3244266853683,4.272716397579487
Chinese Taipei,"Know it well, understand the concept",782,38090.891299999996,19.686625599820882,0.8743971161818942,637.0173794377688,4.739594060118148
Colombia,Never heard of it,1630,102523.38579999999,30.90463884624463,1.0691711893073113,350.1751438273352,3.2350105855153894
Colombia,Heard of it once or twice,835,50686.2631,15.278861923532336,0.7144352900444804,368.0369872515592,3.757304271857871
Colombia,Heard of it a few times,1174,70111.24519999999,21.134326525202432,0.7466445086215505,390.83235072273965,4.51117736253567
Colombia,Heard of it often,1187,68773.33709999999,20.731027645465616,1.0411782530256315,410.2337691669858,3.4840509815158995
Colombia,"Know it well, understand the concept",643,39646.85889999999,11.951145059554984,0.7019062208487082,431.4251515992752,5.148235889244538
Costa Rica,Never heard of it,1108,9644.4028,39.05088211768414,1.2004744819386972,390.46593050977856,3.4861263579534896
Costa Rica,Heard of it once or twice,555,4735.8068,19.17562309601243,0.7855420553228982,406.5420214958837,4.60551998394854
Costa Rica,Heard of it a few times,520,4726.6987,19.138743742589316,0.9276136950640664,424.3360401138978,4.449658559407843
Costa Rica,Heard of it often,391,3430.7389,13.891309098003802,0.8237367420538756,425.9988672127591,5.636643944701708
Costa Rica,"Know it well, understand the concept",239,2159.3693,8.743441945710325,0.7274640809734116,441.9630788436732,8.362704960986711
Croatia,Never heard of it,1328,11922.4838,40.07672812212557,0.7565969019793689,458.3683601129377,3.64555731972671
Croatia,Heard of it once or twice,645,5924.2485,19.914012922576603,0.6875607576611478,462.70128971167344,4.546066190164546
Croatia,Heard of it a few times,549,5087.2938,17.10063892055572,0.7536947140616728,479.5203342241941,6.604735042044965
Croatia,Heard of it often,322,2923.2979,9.826493969174495,0.5871768831152709,470.22617040138573,4.640156826507108
Croatia,"Know it well, understand the concept",423,3891.8206,13.082126065567612,0.5893894646418143,521.8946853154721,6.725340989030642
Czech Republic,Never heard of it,1984,30669.699999999997,59.00032435298317,1.208270592672062,494.89951948184444,3.697378968920472
Czech Republic,Heard of it once or twice,781,12043.767699999999,23.168997438252806,0.9137375310941156,510.78184322475505,4.082039099248434
Czech Republic,Heard of it a few times,377,5497.6856,10.576081069939548,0.6317195671145425,537.5432330960894,6.7660153026097625
Czech Republic,Heard of it often,173,2348.6398999999997,4.518156874320843,0.41977008301418833,539.4501085189615,8.721207722616015
Czech Republic,"Know it well, understand the concept",128,1422.4633999999999,2.7364402645036385,0.3246582710983212,550.0804532428982,10.739884544584063
Denmark,Never heard of it,2481,21042.354099999997,50.62177466331733,1.1229589640680822,489.2924591614114,2.491621667274829
Denmark,Heard of it once or twice,973,9162.2254,22.041645502644712,0.7420262883072,510.0759362866607,3.843545034241925
Denmark,Heard of it a few times,774,6924.4854,16.65829488052531,0.6330139658007191,520.9543944156845,3.9648097261106354
Denmark,Heard of it often,261,2388.3583999999996,5.745694619787865,0.46910256821446805,514.870692077458,6.1084609087535435
Denmark,"Know it well, understand the concept",252,2050.3689,4.9325903337247725,0.48934586274400443,544.3496999844832,8.448650424190731
Estonia,Never heard of it,2070,5032.4164,65.951200778684,0.9529654252378099,527.2328733287717,2.6047837592250547
Estonia,Heard of it once or twice,526,1249.1245000000001,16.370120067384182,0.668647089598493,521.7882993925348,4.110901720479142
Estonia,Heard of it a few times,337,874.1343,11.455770378388081,0.6657269627854262,505.3613963564159,5.775079758428536
Estonia,Heard of it often,126,310.0261,4.062977294115081,0.4244721633690961,489.19606072309983,8.788750201644993
Estonia,"Know it well, understand the concept",70,164.8139,2.159931481428672,0.27833768789724983,507.7789641555959,13.769077064909702
Finland,Never heard of it,2206,13601.2261,35.026153177392914,0.8181010724941974,500.9962097784199,2.6872958786582055
Finland,Heard of it once or twice,1338,9701.6246,24.983820341694283,0.7255296409384678,521.2673078369565,3.0591105593730146
Finland,Heard of it a few times,1219,8989.8933,23.150955469685066,0.6586791318206336,528.364322708047,2.8954113536789254
Finland,Heard of it often,575,4055.5894999999996,10.444036295494442,0.543495929557605,539.8064305883719,4.6823422844531954
Finland,"Know it well, understand the concept",365,2483.2961999999998,6.395034715733293,0.442781896963369,577.9411904789948,5.821241978405545
France,Never heard of it,1700,258072.62079999998,58.7593606371535,0.982644329785096,482.88670728762435,2.509862299118653
France,Heard of it once or twice,614,92449.02449999998,21.049290522602153,0.6638375473648735,525.8648611478749,4.092934142729881
France,Heard of it a few times,340,51240.23989999999,11.666653076506295,0.6784093555690953,530.3975276268078,6.9894527966479
France,Heard of it often,145,21797.883599999997,4.963059233515925,0.4364476437275629,509.1708389769852,9.79033121321502
France,"Know it well, understand the concept",101,15642.799099999998,3.561636530222118,0.3305900571186986,508.84988507544494,11.018160838077808
Germany,Never heard of it,1196,183051.43039999998,44.464435046959466,1.1205229627348663,484.65288584792165,3.1195849695112727
Germany,Heard of it once or twice,390,60339.522899999996,14.656879713470808,0.72104512790767,518.4570940097906,5.360921193392512
Germany,Heard of it a few times,288,43124.62189999999,10.475263401149776,0.6486121043219231,531.8582486925202,5.6055290673840235
Germany,Heard of it often,291,44107.087499999994,10.713910964632962,0.5553532269065902,559.8851335788862,5.186403343275031
Germany,"Know it well, understand the concept",546,81057.8865,19.689510873786993,1.0943022652821017,593.8995894359448,4.70499490116644
Greece,Never heard of it,1739,32900.609599999996,52.19999067398602,1.1371988844170222,453.7151133055697,3.225280724791144
Greece,Heard of it once or twice,642,12074.536199999999,19.15741637299956,0.7045701443842698,453.4219330469586,5.161436652523037
Greece,Heard of it a few times,436,8201.2028,13.011999317953915,0.5477974868791089,454.25176828801193,4.393916200232329
Greece,Heard of it often,289,5494.518799999999,8.7175840692642,0.5583135542382472,431.0071310724145,5.650528633652702
Greece,"Know it well, understand the concept",230,4357.1316,6.913009565796306,0.4867889278928241,470.59077080165457,6.5771263468054215
Hong Kong-China,Never heard of it,315,4935.7027,10.717731054124394,0.9694578261547006,539.8434995633041,9.966547487879996
Hong Kong-China,Heard of it once or twice,385,5852.277299999999,12.708045433035759,0.6485422666897213,533.5873134965868,6.201772131295861
Hong Kong-China,Heard of it a few times,643,9777.6045,21.231776254391583,0.9006360070015099,539.4423727780293,4.7425938410346085
Hong Kong-China,Heard of it often,822,12255.116699999999,26.611620028797212,0.8747696151133155,555.152865085743,3.574812700227321
Hong Kong-China,"Know it well, understand the concept",881,13231.048699999998,28.730827229651045,0.9334403931700989,609.3100085438002,3.616489756132117
Hungary,Never heard of it,1763,33443.138999999996,56.38929359481578,1.0419014727480698,475.0902802774752,3.7460270851608133
Hungary,Heard of it once or twice,748,13890.998999999998,23.421952734050844,0.8727368178502429,481.2389441770643,4.4697425923464795
Hungary,Heard of it a few times,435,8262.569699999998,13.931720603766557,0.7174447948963512,486.60226088076877,7.296236301169085
Hungary,Heard of it often,127,2365.8671999999997,3.9891464777616945,0.4057083704573976,477.95387222923654,11.208534845384902
Hungary,"Know it well, understand the concept",61,1345.0292,2.2678865896051263,0.5158858257390347,509.8727595965588,26.8733952117795
Iceland,Never heard of it,846,1002.814,38.41251430681471,1.1183367492261203,489.09045251540306,3.296435005031482
Iceland,Heard of it once or twice,392,462.9266,17.73227602078261,0.7539837488060386,494.82577681409947,5.018100031073005
Iceland,Heard of it a few times,425,508.1253,19.463599786106414,0.8133942283540595,508.1269526481632,3.9369936816409274
Iceland,Heard of it often,265,314.90840000000003,12.062479602734038,0.6466047568584532,491.8857185622357,5.154117379942021
Iceland,"Know it well, understand the concept",271,321.8697,12.329130283562217,0.7469588269116743,518.1338379449883,6.370568731057319
Indonesia,Never heard of it,1577,730641.0753999999,43.59155223899654,1.134329471500879,376.86519651024145,3.9127035857405077
Indonesia,Heard of it once or twice,986,468913.3201999999,27.97633500398137,0.9859137643838479,372.96944533568393,3.7109353641979292
Indonesia,Heard of it a few times,510,237986.94279999996,14.198791442960914,0.8403785853037037,387.50910474799923,5.809636680086098
Indonesia,Heard of it often,384,185999.79519999996,11.097131083774075,0.777109626054014,369.2561645950721,8.692098677709602
Indonesia,"Know it well, understand the concept",107,52565.905199999994,3.1361902302870996,0.6491969773893231,415.07202924629007,27.046917018983223
Ireland,Never heard of it,2089,22602.9381,64.06953710430602,1.1728599271766205,491.9992596838125,2.7438741899281336
Ireland,Heard of it once or twice,548,5856.338699999999,16.600183037046556,0.635993364289648,513.1651473082852,4.0620719741880205
Ireland,Heard of it a few times,356,3878.5998999999997,10.994150366929848,0.6474010072061682,529.607493505554,5.008275383278189
Ireland,Heard of it often,173,1783.1095,5.054342925059401,0.4671088321071155,538.7065108991743,6.4534322392222006
Ireland,"Know it well, understand the concept",110,1157.7736,3.2817865666581625,0.3400275243671461,538.2127931769389,9.01081554914623
Israel,Never heard of it,1720,36658.42,54.906202399748906,1.0499858744721935,466.25761053053515,5.39737091981236
Israel,Heard of it once or twice,551,11470.413799999998,17.180142016804677,0.751874714057969,477.75885635448066,6.051564057859124
Israel,Heard of it a few times,368,7858.011399999999,11.769562473994629,0.5994181488165018,476.13011618706906,8.032159241520763
Israel,Heard of it often,237,5324.076099999999,7.974288033643178,0.572271791608476,467.0844205385981,8.472656161933859
Israel,"Know it well, understand the concept",255,5454.6141,8.169805075808618,0.5322517089319213,484.86689673958534,9.481135955547742
Italy,Never heard of it,6730,110914.72769999999,32.85453464995986,0.5457376975571255,459.93185015767347,2.5001410608029064
Italy,Heard of it once or twice,3835,64608.4742,19.137957585094785,0.33315968900830073,490.6691439950464,2.6716042534918705
Italy,Heard of it a few times,4461,75873.48079999999,22.47481426180938,0.46296255593996866,498.6392136446432,2.590842360966438
Italy,Heard of it often,3036,51227.1248,15.174209788547477,0.3313106451723378,497.9057113649626,2.594605721216034
Italy,"Know it well, understand the concept",2045,34969.5533,10.358483714588502,0.3384071172942988,519.6145827072855,4.07851793983728
Japan,Never heard of it,1156,205851.19369999997,27.936061754959677,0.7981247738643912,522.8295974586989,4.104466086225365
Japan,Heard of it once or twice,1031,183906.83229999998,24.957992868281405,0.7497882181073745,540.673507125463,4.443908870357377
Japan,Heard of it a few times,1129,199840.06129999997,27.12029108622909,0.671537224667661,542.2201332659431,4.1379782508664515
Japan,Heard of it often,567,101062.6638,13.715212267129683,0.5533394767679534,546.2499082089162,5.144080004745076
Japan,"Know it well, understand the concept",260,46204.722299999994,6.270442023400142,0.5039820085783903,576.3233220246051,7.999392444887388
Jordan,Never heard of it,1038,16052.3617,22.9929262378122,0.8430830390595303,360.1438470275978,4.337663963020537
Jordan,Heard of it once or twice,568,8813.6343,12.624388057923685,0.5818498282166142,366.2815612913469,3.6267570092218393
Jordan,Heard of it a few times,378,5875.378199999999,8.415717269306846,0.46107468288881565,380.1188364062232,5.125075767517844
Jordan,Heard of it often,937,14592.720399999998,20.90217938250278,0.7557884897670795,393.04619403890075,3.902490764952091
Jordan,"Know it well, understand the concept",1499,24480.2541,35.06478905245448,0.9708959712078604,414.53486762073277,4.426775415042348
Kazakhstan,Never heard of it,1681,61056.88799999999,45.19098995122904,1.137825668327052,435.6607821271361,3.8882980004228775
Kazakhstan,Heard of it once or twice,974,34481.2452,25.521143582343488,0.7302341066981671,431.2925198651634,3.737556996567283
Kazakhstan,Heard of it a few times,594,21219.010599999998,15.705158356574325,0.7692247825869364,436.5808059107559,4.149694403968399
Kazakhstan,Heard of it often,340,11904.701799999999,8.811213231440462,0.5200467989331315,426.39437953067284,6.529619132756554
Kazakhstan,"Know it well, understand the concept",174,6446.6972,4.771494878412677,0.41355812715482526,426.15612279690464,8.048050134770666
Korea,Never heard of it,877,104534.69479999998,26.220466143643474,1.0878626056979146,530.195154120737,4.522716457339404
Korea,Heard of it once or twice,1259,151097.81309999997,37.89990586711044,0.7883683162552854,549.8196483030019,4.638467143221599
Korea,Heard of it a few times,658,79134.2897,19.84927557161744,0.7474504052306126,557.0120583748053,5.723373503517213
Korea,Heard of it often,329,39844.31279999999,9.994159898663044,0.6301245916639723,567.6244214434107,8.6207582280844
Korea,"Know it well, understand the concept",200,24064.848399999995,6.036192518965606,0.8562338751980983,644.412104449327,14.798845853856491
Latvia,Never heard of it,1804,6881.2578,64.92293400551259,1.5682618244257793,494.22859580398386,3.2768830881719757
Latvia,Heard of it once or twice,423,1586.755,14.970633733256895,0.7504842346960401,481.1482698714284,5.4090345637404935
Latvia,Heard of it a few times,293,1059.9375,10.00024332215369,0.848059134961278,484.2535526396278,5.416331430582449
Latvia,Heard of it often,177,629.2943,5.937233205962032,0.5595786904378879,501.82851958422606,10.174740457177938
Latvia,"Know it well, understand the concept",124,441.8725,4.168955733114789,0.4626237768228396,509.3244897029616,8.709568305897628
Liechtenstein,Never heard of it,97,105.2504,49.77472588536014,3.8886605682991022,507.39570056235465,9.11713753873543
Liechtenstein,Heard of it once or twice,27,28.3427,13.40375070642009,2.484923787836652,540.5059659740956,15.019020438945503
Liechtenstein,Heard of it a few times,29,32.410000000000004,15.327246888795884,2.5870069195942915,546.0689251206417,12.497167838119699
Liechtenstein,Heard of it often,13,13.142900000000001,6.215503645009424,1.9163019191190807,604.0474735589556,19.485812071350153
Liechtenstein,"Know it well, understand the concept",31,32.3075,15.27877287441447,2.1828053854077716,578.1247723877118,18.777836877418743
Lithuania,Never heard of it,1429,10242.0382,48.09107956342215,1.0244982645547358,483.00866116419655,3.068726160093831
Lithuania,Heard of it once or twice,802,5743.7271,26.969440219104428,0.9207609645856032,479.8681208500191,3.8106571893839867
Lithuania,Heard of it a few times,493,3524.4548,16.54893614871355,0.6506269025874548,474.39232160340475,4.336537723293501
Lithuania,Heard of it often,158,1106.9209,5.197502687728195,0.4450545353872166,472.169331053719,8.256665411186697
Lithuania,"Know it well, understand the concept",94,680.0274,3.193041381031667,0.32110597505594074,497.03588729785014,11.159326016504826
Luxembourg,Never heard of it,2189,2296.1515,64.56618547786341,0.8493027475445204,487.3306565996855,2.0466097021852487
Luxembourg,Heard of it once or twice,472,496.483,13.960757147168234,0.6363390161727709,506.11123512205876,4.353136056360875
Luxembourg,Heard of it a few times,332,350.5533,9.85731533292864,0.5607772423587921,509.26332568773427,4.982883350403956
Luxembourg,Heard of it often,160,168.055,4.725589883978621,0.37644106779573994,500.09100724385485,8.882831292135323
Luxembourg,"Know it well, understand the concept",232,245.0328,6.890152158061092,0.3304865702299927,499.4772272076148,7.222753231659719
Macao-China,Never heard of it,425,427.9787,12.070140595933626,0.5442239074228961,504.490603880308,4.558971485269125
Macao-China,Heard of it once or twice,407,410.1925,11.568522326923054,0.4859523961158936,495.59107220119154,4.688382827135357
Macao-China,Heard of it a few times,630,635.048,17.91004703076685,0.6297504853120922,510.83473031373103,3.3268193950063796
Macao-China,Heard of it often,921,925.3272,26.09669453466164,0.7847679307895656,539.2615698315489,3.1814316484894105
Macao-China,"Know it well, understand the concept",1143,1147.2176,32.35459551171482,0.6618463153075949,580.1662314933716,2.5302517072501494
Malaysia,Never heard of it,1669,138721.76609999998,49.81012973600538,1.148707005270958,426.12780281548714,3.789391433241326
Malaysia,Heard of it once or twice,771,63682.75379999999,22.866247438325324,0.7805795569532267,404.47433352709555,3.629412854147124
Malaysia,Heard of it a few times,490,41057.6257,14.74235601423293,0.6105910604662166,425.847404946587,4.682471650172716
Malaysia,Heard of it often,267,22020.4609,7.906776601192895,0.5144080407502603,432.0091846732425,6.894492872768736
Malaysia,"Know it well, understand the concept",154,13018.5073,4.6744902102434605,0.39490835595445867,440.44696643441307,9.623816861547375
Mexico,Never heard of it,6287,253686.29809999999,29.811152064915476,0.6256607064674601,388.28718445446015,1.8404085691724996
Mexico,Heard of it once or twice,5074,195959.43369999997,23.02756010213317,0.42933659127246365,406.58260112325405,1.8162607835572773
Mexico,Heard of it a few times,4846,183538.911,21.568001215001324,0.3432571335044871,425.95192917060643,1.9699157530756946
Mexico,Heard of it often,3705,144855.17659999998,17.02220312785898,0.4948818013294805,438.8843698251228,2.104487489481688
Mexico,"Know it well, understand the concept",1947,72938.02119999999,8.571083490091059,0.3103821861148446,455.3944711652609,3.115112149696928
Montenegro,Never heard of it,1266,2082.8391,43.279423673853316,0.9118594657569022,408.28089701270693,2.9624408410929557
Montenegro,Heard of it once or twice,622,988.8551,20.547472353937753,0.8202108584864679,409.4361602608581,3.6838996913207485
Montenegro,Heard of it a few times,372,606.3429,12.599231145954995,0.6031677649222099,418.0710568569403,4.98939717706646
Montenegro,Heard of it often,311,488.0706,10.141644777146631,0.6078345444667059,404.7990593892737,4.397359389827856
Montenegro,"Know it well, understand the concept",387,646.4312,13.4322280491073,0.5804522245895242,440.9004297649268,5.001732516288518
Netherlands,Never heard of it,1171,49768.19149999999,40.512046643936216,1.7308854084462386,476.8812757011521,5.0557221365837
Netherlands,Heard of it once or twice,309,13762.011399999998,11.202481563976097,0.7424937918536423,532.7553530348423,6.2578251086481735
Netherlands,Heard of it a few times,449,20180.769699999997,16.4274461007275,1.022559923161988,548.0481491006354,5.69230946250048
Netherlands,Heard of it often,439,20269.459499999997,16.499640914445845,1.166039987083072,573.6605147037502,5.448163844115807
Netherlands,"Know it well, understand the concept",408,18867.4505,15.358384776914342,1.6401884703389282,598.3193608293327,4.810702204155443
New Zealand,Never heard of it,1164,14637.826899999998,42.16133379253381,1.2479781550011209,459.23731227038365,2.9470532220196985
New Zealand,Heard of it once or twice,511,6281.4225,18.09238164405621,0.7328477628119382,502.5473135576192,3.998901917112254
New Zealand,Heard of it a few times,504,6234.3588,17.956824065819536,0.6906065281884136,525.3259624739744,4.612272231159207
New Zealand,Heard of it often,338,4277.337799999999,12.320016349504872,0.8425585035484762,547.9091761011464,4.825845909691744
New Zealand,"Know it well, understand the concept",262,3287.6589,9.469444148085572,0.7259238120782573,601.1092115450884,8.023371405896135
Perm(Russian Federation),Never heard of it,788,12369.482399999999,68.40960318557642,1.4668766623864027,486.0960737205679,5.701721703906438
Perm(Russian Federation),Heard of it once or twice,213,3408.1108999999997,18.848607139894366,1.2689632250147564,481.6797800784291,7.230822609120254
Perm(Russian Federation),Heard of it a few times,96,1481.7604,8.194897547216767,0.9246524855812384,483.5542254577664,10.344770780518923
Perm(Russian Federation),Heard of it often,33,507.72299999999996,2.8079694715593284,0.3437210858517995,486.4768941932903,17.167825946445525
Perm(Russian Federation),"Know it well, understand the concept",17,314.4233,1.7389226557531179,0.4351939058417824,513.4500274084905,22.476741756640568
Peru,Never heard of it,1018,69387.1439,27.55400807383935,1.2460600997166111,338.46306733620867,3.089380127412525
Peru,Heard of it once or twice,796,54867.99549999999,21.78837614618089,0.8599740660877209,352.3614589168177,3.7867732382740726
Peru,Heard of it a few times,729,51426.26279999999,20.421645578044664,0.7071896120404865,389.95522824522186,5.258618434665057
Peru,Heard of it often,658,46448.83119999999,18.445080716244913,1.0014014903748427,411.30545681354926,4.741196226179432
Peru,"Know it well, understand the concept",427,29692.092099999994,11.790889485690178,0.640172296347823,422.92647566160804,6.349536688436118
Poland,Never heard of it,313,26464.0238,10.629433855192667,0.6758725380881179,495.29665339130554,6.20003083822173
Poland,Heard of it once or twice,555,46615.58349999999,18.72342865087888,0.7862950571153123,503.64296498554,4.9427453536306825
Poland,Heard of it a few times,892,74020.10729999999,29.73061997093631,0.9501978562110013,513.2399854691058,4.0976205324875306
Poland,Heard of it often,810,66070.56719999999,26.5376395190312,1.011215000712355,523.7730628290701,5.016476698276387
Poland,"Know it well, understand the concept",456,35798.987499999996,14.37887800396095,0.7408675875132061,552.1277223359112,6.523446143741063
Portugal,Never heard of it,1752,28790.167799999996,47.438411245952146,1.1732133957639141,472.89529921878585,4.141533764140668
Portugal,Heard of it once or twice,636,10567.7069,17.41272330649237,0.7543373629361161,495.5235967575873,5.37803737099663
Portugal,Heard of it a few times,616,10559.814799999998,17.39971925983328,0.7009334338692886,501.7570253624026,5.5410353460933255
Portugal,Heard of it often,379,6376.2697,10.50636822768723,0.6277126234597825,512.4008644255667,6.1265559170482335
Portugal,"Know it well, understand the concept",243,4395.6107999999995,7.242777960034978,0.7412233249869505,530.4020124731567,9.443443194679311
Qatar,Never heard of it,2250,2256.4499,34.58692159216799,0.6300860039205605,351.38182623226146,2.1234931966735693
Qatar,Heard of it once or twice,1059,1062.2279,16.28185633118345,0.4176517424146206,364.8757588876285,3.05581173174982
Qatar,Heard of it a few times,951,954.548,14.631336078838164,0.47092179432653614,380.58753321269154,3.8744518725538266
Qatar,Heard of it often,801,804.4108,12.330029249704648,0.3627887158349034,410.64430416762474,3.853476544302558
Qatar,"Know it well, understand the concept",1441,1446.3609,22.16985674810574,0.6074570810382697,433.75726384895927,2.725636607563951
Romania,Never heard of it,1221,34701.607599999996,38.03379905382144,0.9852297254170035,433.4226459681589,4.275527663750614
Romania,Heard of it once or twice,770,20933.071799999998,22.943151671751842,0.7945944579743942,442.70915031590357,4.551775472162018
Romania,Heard of it a few times,622,16914.895599999996,18.539133624079376,0.7354067157608987,455.9127546356924,5.010313673735605
Romania,Heard of it often,451,12317.163599999998,13.499908438692735,0.6317115740329153,451.9807728535707,4.862959460284922
Romania,"Know it well, understand the concept",230,6372.129099999999,6.9840072116546015,0.47786940401614064,482.7171477577719,8.345713300170353
Russian Federation,Never heard of it,2225,501784.5850999999,65.65249189699884,0.8096213089864934,486.61453546460996,3.4216633135723873
Russian Federation,Heard of it once or twice,647,146030.69849999997,19.106364632691324,0.5998204653237577,483.1027830597798,4.280046721252084
Russian Federation,Heard of it a few times,338,76064.05489999999,9.952068868317104,0.526932921579473,480.4163422212046,6.455584838867308
Russian Federation,Heard of it often,110,24814.594399999994,3.2466919194989687,0.29383524626580254,448.65613067342696,11.57848684576268
Russian Federation,"Know it well, understand the concept",73,15610.011399999998,2.0423826824937663,0.23764976217758982,473.958931628052,13.303004732723643
Serbia,Never heard of it,1539,22253.4325,52.02034242217548,0.9899395361847804,451.8611553865336,3.662252121141773
Serbia,Heard of it once or twice,704,10192.056199999999,23.82527969606741,0.80329612698026,451.576212408198,4.945700041792826
Serbia,Heard of it a few times,368,5298.7871,12.386615833948591,0.6926079028117246,452.6586782324847,5.421516252927473
Serbia,Heard of it often,224,3287.7377999999994,7.685522049253743,0.48317090387263795,445.37055360554757,7.786950887251961
Serbia,"Know it well, understand the concept",119,1746.3139999999999,4.0822399985547815,0.3093507142138331,472.66944355540267,11.472618614478652
Singapore,Never heard of it,1245,11022.7777,32.64241164856831,0.8632186422143421,495.43357330447094,2.5237872277857503
Singapore,Heard of it once or twice,316,2875.1315,8.514299074249285,0.4490868309119327,521.6547087312085,5.690625267137105
Singapore,Heard of it a few times,414,3842.7894,11.379882357017399,0.5654687990788829,566.8797509525175,5.146020838692393
Singapore,Heard of it often,715,6725.041,19.915266609749327,0.6000702643104346,617.0877512711903,3.5730190782630316
Singapore,"Know it well, understand the concept",973,9302.5304,27.548140310415658,0.6882303377131687,654.9027347346305,2.6755893949748013
Slovak Republic,Never heard of it,1664,19503.769,56.197864420706324,1.181000554936354,478.4203034152087,4.087432388524763
Slovak Republic,Heard of it once or twice,602,6863.4762,19.77631630800922,0.807089854884166,487.86689824402595,4.840652152438772
Slovak Republic,Heard of it a few times,420,4842.444399999999,13.952945907840098,0.738924832624671,493.8327175035702,6.1992195995101484
Slovak Republic,Heard of it often,181,2139.5099999999998,6.164751690134629,0.39534161997775447,503.9991325037409,8.889092160713178
Slovak Republic,"Know it well, understand the concept",123,1356.3345,3.9081216733097337,0.5471930844992952,535.4652325788584,17.913822596169
Slovenia,Never heard of it,1001,3169.5687,26.626198130894004,0.9659574500088611,494.59034880491384,3.2790698235454037
Slovenia,Heard of it once or twice,763,2431.2747,20.424104349853618,0.7628393499741886,501.666320184222,4.277262675685932
Slovenia,Heard of it a few times,966,3065.3316,25.75054660228388,1.1066016737586992,504.0429682897255,3.808277069406234
Slovenia,Heard of it often,685,2098.4047,17.6278051019999,0.7167926141788598,500.4086236722012,4.871525864158549
Slovenia,"Know it well, understand the concept",329,1139.368,9.571345814968591,0.628958628715693,532.0155704462039,7.1473494541246945
Spain,Never heard of it,3927,63689.36409999999,26.457343455218908,0.8399041485620753,438.3834389777565,2.641097168913223
Spain,Heard of it once or twice,2372,36081.548299999995,14.988717963493842,0.39725422318467346,475.6377843214403,2.7729728125472652
Spain,Heard of it a few times,3242,48574.61549999999,20.17849139568815,0.6268564679648911,487.84751198850716,3.142155329535788
Spain,Heard of it often,3074,41835.342,17.378914478132536,0.4561049020876203,509.67340374068795,2.9497333947997273
Spain,"Know it well, understand the concept",3760,50543.8431,20.99653270746656,0.7172309748726082,534.6379894515372,2.718215156641868
Sweden,Never heard of it,2150,43128.5433,71.2383300637585,0.9221913835951981,480.841221148954,2.0507674843858945
Sweden,Heard of it once or twice,488,9767.7459,16.134046113334037,0.6535410094977685,483.42031680796873,4.500143484428053
Sweden,Heard of it a few times,202,4010.3205,6.6241174308443895,0.43290153532011466,478.49760877317925,6.955995249526203
Sweden,Heard of it often,86,1756.9193999999998,2.9020225246657128,0.4460459376372632,462.78112492054186,15.410070175888771
Sweden,"Know it well, understand the concept",91,1877.6756999999998,3.101483867397366,0.4089760832996064,506.04455315217336,16.881308271746967
Switzerland,Never heard of it,4035,28672.3235,55.09313026199797,1.042718842386642,513.613929558749,3.1812761432080436
Switzerland,Heard of it once or twice,1347,10121.578399999999,19.44835190103184,0.648062058160692,544.1211980518207,4.031372159906969
Switzerland,Heard of it a few times,930,6652.9421999999995,12.783456884829835,0.6792920351954398,557.1113553097649,5.627169080195123
Switzerland,Heard of it often,427,2777.1342,5.336191754241666,0.34797537818765273,561.9690436411448,8.50572168920963
Switzerland,"Know it well, understand the concept",565,3819.3950999999997,7.33886919789869,0.508282745800347,587.638638046437,6.8461860995844654
Thailand,Never heard of it,2160,240984.56709999996,52.12999410045148,0.9265706109709889,425.87769100410173,3.811965364081167
Thailand,Heard of it once or twice,1093,118735.95229999998,25.685065925163503,0.7964182991259666,421.2314497811357,3.9966313884067577
Thailand,Heard of it a few times,504,49321.90669999999,10.669358358649923,0.4887916901316612,424.2505104934567,5.849513047509721
Thailand,Heard of it often,461,42588.846999999994,9.21285694587133,0.6003129217789622,432.82002057404407,6.782504496396887
Thailand,"Know it well, understand the concept",134,10644.948599999998,2.3027246698637627,0.30685863119764417,463.4847283961451,12.899262675375267
Tunisia,Never heard of it,2166,59212.95779999999,80.41871756634808,1.0413754806886395,391.83160251621825,3.7421124433207757
Tunisia,Heard of it once or twice,236,6527.994699999999,8.865845949244529,0.6214226795644633,364.0077342130117,6.447421354820114
Tunisia,Heard of it a few times,102,2726.2492999999995,3.7025928211975616,0.3641384699489647,380.48473393905743,9.73234603732203
Tunisia,Heard of it often,76,2148.3570999999997,2.9177418132042483,0.32680187375848946,402.21735478206676,11.022350176136605
Tunisia,"Know it well, understand the concept",112,3015.2568999999994,4.0951018500055785,0.5595372923636417,432.19921164795426,17.146999779333814
Turkey,Never heard of it,1745,312196.03849999997,56.16069391154441,1.0934250448409844,459.7441274831103,5.668049928594225
Turkey,Heard of it once or twice,440,78431.41859999999,14.108964720392539,0.7277657092389059,444.6986761271619,6.882729482343698
Turkey,Heard of it a few times,453,80910.26569999999,14.554882528656526,0.6389180609864928,433.0672279918754,4.7256799784511605
Turkey,Heard of it often,362,64362.14289999999,11.578054046633847,0.5807201077045557,424.28211155626275,4.953721849955148
Turkey,"Know it well, understand the concept",112,19997.8926,3.597404792772664,0.2938820906261197,443.5789539745564,11.290181943229602
United Kingdom,Never heard of it,5361,273253.9176,61.81284107279655,0.878462440257296,478.6690917267834,3.437153925253489
United Kingdom,Heard of it once or twice,1411,82826.43,18.736188667243862,0.6835950625815461,517.8922199622331,4.955022589913537
United Kingdom,Heard of it a few times,838,50516.931,11.42744834114111,0.6508367386171172,528.9548965978919,5.737256921188073
United Kingdom,Heard of it often,376,23408.745999999996,5.295298632569218,0.3822038570020244,526.4753172298805,7.66460122332172
United Kingdom,"Know it well, understand the concept",232,12060.5636,2.728223286249255,0.3211715713139267,581.2206360890176,12.42957205691123
United Arab Emirates,Never heard of it,2101,6973.9275,27.044853172493145,0.8419670152032049,408.3982193004357,3.778113987857803
United Arab Emirates,Heard of it once or twice,815,2594.3181,10.06075157753524,0.45423174458366694,413.95952112549213,3.7600099337608213
United Arab Emirates,Heard of it a few times,721,2396.063,9.291919370690827,0.3597170880257628,439.0703405278015,4.866287910921164
United Arab Emirates,Heard of it often,1264,4494.7358,17.430561152255816,0.5782829250414803,435.36594963570184,3.096416114291147
United Arab Emirates,"Know it well, understand the concept",2425,9327.4794,36.171914727024976,0.9393715232802368,463.943638349701,3.0652950014708424
United States of America,Never heard of it,461,329212.2153999999,14.465082566831652,0.8742649788390566,431.05238930914993,4.351183126949035
United States of America,Heard of it once or twice,524,374216.50519999996,16.442502411437516,0.6998975661927224,459.3994612789021,4.829532105036849
United States of America,Heard of it a few times,733,521828.8534999999,22.92836382897048,0.8103156176226806,480.91977515404193,4.773077420450275
United States of America,Heard of it often,736,509712.7444999999,22.396000481332283,0.777809681374122,488.6387878515839,4.587960157650031
United States of America,"Know it well, understand the concept",752,540939.3685999999,23.768050711428074,0.9323589994320461,525.0469364734897,5.6514284944234925
Uruguay,Never heard of it,1426,10664.5406,44.32546715184078,1.2947822980173378,385.24315813518297,3.520420431018366
Uruguay,Heard of it once or twice,457,3373.6489,14.022035182536957,0.6751566003049891,417.3754241219809,5.099296472544317
Uruguay,Heard of it a few times,544,4036.233,16.775960631503974,0.8206240346565447,432.14813838247886,4.862073846689991
Uruguay,Heard of it often,405,3037.7327,12.62585291390073,0.8958583062390597,441.55852903037464,5.185459887653944
Uruguay,"Know it well, understand the concept",392,2947.4685,12.250684120217556,0.9764368679135075,485.0953366516814,6.19343205416765
Viet Nam,Never heard of it,432,82789.968,13.159675243657157,0.770703718961603,511.57062344969046,7.729551699983655
Viet Nam,Heard of it once or twice,485,92437.6108,14.693192518537698,0.7988465637750299,501.6746120616895,6.175255981394471
Viet Nam,Heard of it a few times,907,171859.56199999998,27.317512955641703,0.8594043679624901,500.97381616143383,5.2609469256170955
Viet Nam,Heard of it often,883,172259.32379999998,27.381056106942598,0.8854604878539596,506.21677301214544,5.529890377941312
Viet Nam,"Know it well, understand the concept",554,109772.16079999998,17.448563175220848,0.9483876930923346,547.6886713938886,5.683707194810421
